class,precision,recall,f1-score,support
low,0.9995219885277247,0.9976145038167938,0.998567335243553,2096.0
medium,0.952076677316294,0.9900332225913622,0.9706840390879479,301.0
high,0.9789473684210527,0.9029126213592233,0.9393939393939394,103.0
accuracy,0.9928,0.9928,0.9928,0.9928
macro avg,0.9768486780883571,0.9635201159224597,0.9695484379084801,2500.0
weighted avg,0.9929618987094736,0.9928,0.9927722424774141,2500.0
