class,precision,recall,f1-score,support
low,1.0,0.9980916030534351,0.9990448901623686,2096.0
medium,0.9705882352941176,0.9867109634551495,0.9785831960461285,301.0
high,0.9607843137254902,0.9514563106796117,0.9560975609756097,103.0
accuracy,0.9948,0.9948,0.9948,0.9948
macro avg,0.977124183006536,0.9787529590627321,0.977908549061369,2500.0
weighted avg,0.9948431372549019,0.9948,0.9948118722282788,2500.0
