class,precision,recall,f1-score,support
low,0.9965294992563213,0.958969465648855,0.9773887673231219,2096.0
medium,0.7275280898876404,0.8604651162790697,0.7884322678843226,301.0
high,0.7086614173228346,0.8737864077669902,0.782608695652174,103.0
accuracy,0.9436,0.9436,0.9436,0.9436
macro avg,0.8109063354889322,0.897740329898305,0.8494765769532061,2500.0
weighted avg,0.9522815645926723,0.9436,0.9466134658378474,2500.0
