model,precision_high,recall_high,f1_high,pr_auc_high,macro_f1,weighted_f1
xgboost,0.9607843137254902,0.9514563106796117,0.9560975609756097,0.9926723870078844,0.977908549061369,0.9948118722282788
logistic_regression,0.7086614173228346,0.8737864077669902,0.782608695652174,0.9069963742276782,0.8494765769532061,0.9466134658378474
